ADM_NM,road_count,total_length,tunnel_count_general,tunnel_count_building_passage,bridge_count_general,bridge_count_viaduct,highway_count_residential,highway_count_primary,highway_count_tertiary,highway_count_living_street,highway_count_busway,highway_count_tertiary_link,highway_count_primary_link,highway_count_secondary,highway_count_secondary_link,highway_count_unclassified,highway_count_trunk,highway_count_trunk_link,highway_count_motorway_link,highway_count_crossing,highway_count_road,highway_count_motorway,area
사직동,214,22040.494999999995,0,0,0,0,84.0,45.0,30.0,26.0,13.0,10.0,6.0,0.0,0.0,0.0,0.0,0.0,0.0,0.0,0.0,0.0,1157671.299618873
삼청동,17,3477.4220000000005,0,0,0,0,9.0,2.0,6.0,0.0,0.0,0.0,0.0,0.0,0.0,0.0,0.0,0.0,0.0,0.0,0.0,0.0,1476086.2449180519
부암동,375,36188.775,0,0,14,0,295.0,12.0,28.0,0.0,0.0,13.0,2.0,24.0,1.0,0.0,0.0,0.0,0.0,0.0,0.0,0.0,2273044.409135323
평창동,717,74985.331,0,0,4,0,675.0,37.0,0.0,0.0,0.0,0.0,0.0,0.0,5.0,0.0,0.0,0.0,0.0,0.0,0.0,0.0,8940655.329910902
한남동,1140,80463.446,2,0,5,0,952.0,34.0,44.0,0.0,0.0,2.0,2.0,72.0,31.0,2.0,1.0,0.0,0.0,0.0,0.0,0.0,3029614.7181669916
왕십리2동,238,12807.043,0,0,0,0,220.0,0.0,1.0,0.0,0.0,0.0,0.0,11.0,0.0,6.0,0.0,0.0,0.0,0.0,0.0,0.0,372143.4604809016
마장동,727,43315.92599999999,1,0,0,0,592.0,35.0,12.0,2.0,0.0,0.0,0.0,70.0,4.0,12.0,0.0,0.0,0.0,0.0,0.0,0.0,1034489.2918125634
중림동,175,12497.977000000003,0,0,0,0,111.0,0.0,29.0,0.0,0.0,0.0,0.0,33.0,2.0,0.0,0.0,0.0,0.0,0.0,0.0,0.0,484023.1638610667
옥수동,172,14509.176,0,0,1,0,111.0,0.0,28.0,2.0,0.0,0.0,0.0,23.0,8.0,0.0,0.0,0.0,0.0,0.0,0.0,0.0,1920719.0901088512
장충동,278,17656.325,0,0,0,0,213.0,30.0,0.0,0.0,0.0,0.0,0.0,28.0,5.0,2.0,0.0,0.0,0.0,0.0,0.0,0.0,1017158.9421084368
광희동,522,29900.887000000002,23,0,0,0,345.0,9.0,12.0,0.0,0.0,0.0,0.0,133.0,12.0,11.0,0.0,0.0,0.0,0.0,0.0,0.0,736648.8912996374
사근동,422,25917.17,0,0,3,0,304.0,0.0,32.0,0.0,0.0,2.0,0.0,71.0,12.0,0.0,0.0,1.0,0.0,0.0,0.0,0.0,1168326.7093076135
후암동,465,29518.032,0,0,0,0,384.0,0.0,4.0,0.0,0.0,0.0,0.0,77.0,0.0,0.0,0.0,0.0,0.0,0.0,0.0,0.0,865244.0803747667
용산2가동,533,27271.292,0,0,0,0,426.0,15.0,58.0,8.0,0.0,0.0,0.0,18.0,8.0,0.0,0.0,0.0,0.0,0.0,0.0,0.0,1965379.6463284902
남영동,217,15667.350000000002,0,0,0,0,159.0,29.0,0.0,0.0,5.0,0.0,0.0,20.0,4.0,0.0,0.0,0.0,0.0,0.0,0.0,0.0,1176908.797605574
원효로2동,243,16125.385999999999,0,0,2,0,154.0,0.0,34.0,0.0,0.0,2.0,0.0,47.0,0.0,2.0,2.0,2.0,0.0,0.0,0.0,0.0,708448.6920711038
효창동,250,12283.366,0,0,0,0,208.0,0.0,15.0,0.0,0.0,0.0,0.0,24.0,3.0,0.0,0.0,0.0,0.0,0.0,0.0,0.0,445853.90289658145
용문동,227,11858.762,0,0,0,0,178.0,0.0,14.0,0.0,0.0,0.0,0.0,35.0,0.0,0.0,0.0,0.0,0.0,0.0,0.0,0.0,277325.0017998565
이태원1동,322,20999.015,0,0,0,0,286.0,0.0,0.0,0.0,0.0,0.0,0.0,34.0,2.0,0.0,0.0,0.0,0.0,0.0,0.0,0.0,582461.1004864456
금호1가동,123,8795.143,0,0,0,0,100.0,0.0,10.0,0.0,0.0,1.0,0.0,12.0,0.0,0.0,0.0,0.0,0.0,0.0,0.0,0.0,445096.95071223367
금호4가동,201,13682.755000000001,0,0,3,0,122.0,0.0,4.0,0.0,0.0,0.0,0.0,60.0,14.0,0.0,0.0,1.0,0.0,0.0,0.0,0.0,831211.8307331697
성수1가1동,352,31395.838,4,0,7,2,198.0,13.0,38.0,0.0,0.0,0.0,0.0,54.0,11.0,19.0,5.0,14.0,0.0,0.0,0.0,0.0,1884441.4977922575
성수2가1동,566,36203.435000000005,0,0,6,0,434.0,4.0,77.0,0.0,0.0,0.0,7.0,38.0,0.0,0.0,2.0,4.0,0.0,0.0,0.0,0.0,1184060.9126513957
송정동,397,23592.45,0,0,2,0,362.0,16.0,0.0,0.0,0.0,0.0,3.0,10.0,0.0,0.0,1.0,5.0,0.0,0.0,0.0,0.0,681394.4660146101
용답동,528,38917.522,1,0,4,0,445.0,26.0,31.0,0.0,0.0,8.0,0.0,4.0,7.0,4.0,0.0,3.0,0.0,0.0,0.0,0.0,2375334.161801691
정릉4동,382,27988.832000000002,2,0,0,0,342.0,0.0,16.0,0.0,0.0,0.0,0.0,24.0,0.0,0.0,0.0,0.0,0.0,0.0,0.0,0.0,3568232.3066681866
길음1동,108,12682.265,0,0,0,0,77.0,5.0,22.0,0.0,2.0,2.0,0.0,0.0,0.0,0.0,0.0,0.0,0.0,0.0,0.0,0.0,796710.2780428135
성북동,1186,78354.00700000001,0,0,0,0,972.0,10.0,106.0,0.0,0.0,3.0,0.0,93.0,2.0,0.0,0.0,0.0,0.0,0.0,0.0,0.0,2877749.9236283656
삼선동,391,27944.488,0,0,10,0,340.0,10.0,30.0,0.0,0.0,0.0,0.0,10.0,1.0,0.0,0.0,0.0,0.0,0.0,0.0,0.0,925528.3519523127
동선동,487,28986.988,2,0,0,0,448.0,13.0,5.0,0.0,0.0,2.0,0.0,18.0,1.0,0.0,0.0,0.0,0.0,0.0,0.0,0.0,724257.737538327
휘경1동,286,17627.361,0,0,3,0,204.0,24.0,0.0,0.0,8.0,0.0,0.0,49.0,0.0,0.0,0.0,1.0,0.0,0.0,0.0,0.0,521397.6276855132
이문1동,704,35300.705,4,0,0,0,616.0,0.0,22.0,0.0,0.0,10.0,0.0,55.0,0.0,0.0,0.0,1.0,0.0,0.0,0.0,0.0,1038009.5564118983
이문2동,512,30283.905999999995,6,4,2,0,414.0,0.0,42.0,0.0,0.0,20.0,0.0,34.0,0.0,0.0,2.0,0.0,0.0,0.0,0.0,0.0,724135.3839846251
답십리1동,489,28010.939,0,0,2,0,388.0,5.0,28.0,0.0,0.0,0.0,0.0,52.0,16.0,0.0,0.0,0.0,0.0,0.0,0.0,0.0,787641.347694003
상봉1동,349,20067.009000000002,0,0,0,0,313.0,0.0,0.0,2.0,0.0,0.0,0.0,34.0,0.0,0.0,0.0,0.0,0.0,0.0,0.0,0.0,853561.8367980141
중화1동,202,14104.365,0,0,0,0,176.0,8.0,0.0,0.0,0.0,0.0,2.0,16.0,0.0,0.0,0.0,0.0,0.0,0.0,0.0,0.0,641000.9120396955
신내1동,527,49591.739,5,0,13,0,291.0,22.0,91.0,74.0,0.0,0.0,0.0,17.0,2.0,6.0,13.0,7.0,4.0,0.0,0.0,0.0,2604936.633999349
월곡2동,661,35142.23700000001,0,0,3,0,512.0,44.0,75.0,14.0,0.0,0.0,0.0,9.0,4.0,0.0,0.0,3.0,0.0,0.0,0.0,0.0,1363862.6449987127
자양3동,372,25454.015,0,0,0,0,323.0,0.0,20.0,0.0,0.0,0.0,0.0,25.0,0.0,2.0,1.0,1.0,0.0,0.0,0.0,0.0,1195503.3965946697
구의2동,542,35343.878000000004,0,0,0,0,486.0,25.0,0.0,0.0,0.0,0.0,0.0,9.0,22.0,0.0,0.0,0.0,0.0,0.0,0.0,0.0,1386971.8853221098
수유1동,887,44249.671,0,0,4,0,824.0,22.0,0.0,0.0,0.0,0.0,0.0,32.0,9.0,0.0,0.0,0.0,0.0,0.0,0.0,0.0,1648718.792915997
삼양동,1083,41985.051999999996,0,0,0,0,1014.0,44.0,0.0,0.0,0.0,0.0,0.0,22.0,3.0,0.0,0.0,0.0,0.0,0.0,0.0,0.0,923394.3216593511
송천동,1427,56859.945,0,0,0,0,1372.0,23.0,0.0,0.0,0.0,0.0,0.0,30.0,2.0,0.0,0.0,0.0,0.0,0.0,0.0,0.0,929209.3075045717
삼각산동,158,12134.184000000001,0,0,0,0,78.0,4.0,28.0,0.0,0.0,0.0,0.0,48.0,0.0,0.0,0.0,0.0,0.0,0.0,0.0,0.0,621441.3168804304
우이동,884,61528.246,0,0,4,0,794.0,44.0,32.0,0.0,0.0,0.0,0.0,8.0,4.0,2.0,0.0,0.0,0.0,0.0,0.0,0.0,10579790.156843571
월계2동,186,19299.602,2,0,0,0,161.0,0.0,22.0,0.0,0.0,1.0,0.0,2.0,0.0,0.0,0.0,0.0,0.0,0.0,0.0,0.0,2003257.4518276565
정릉1동,309,16680.114999999998,0,0,0,0,262.0,17.0,27.0,0.0,0.0,0.0,1.0,0.0,2.0,0.0,0.0,0.0,0.0,0.0,0.0,0.0,411654.23303138127
무악동,93,6368.146000000001,0,0,0,0,26.0,8.0,0.0,46.0,9.0,0.0,0.0,0.0,4.0,0.0,0.0,0.0,0.0,0.0,0.0,0.0,369245.48226818163
종로5·6가동,439,25102.916999999998,0,0,0,0,294.0,81.0,37.0,0.0,14.0,7.0,4.0,1.0,1.0,0.0,0.0,0.0,0.0,0.0,0.0,0.0,602712.8344988188
이화동,8,1726.6000000000004,0,0,0,0,2.0,6.0,0.0,0.0,0.0,0.0,0.0,0.0,0.0,0.0,0.0,0.0,0.0,0.0,0.0,0.0,781806.219450855
창신1동,258,13019.468,0,0,0,0,219.0,16.0,0.0,0.0,8.0,0.0,1.0,14.0,0.0,0.0,0.0,0.0,0.0,0.0,0.0,0.0,304915.08105130546
창신2동,290,12844.08,0,0,0,0,290.0,0.0,0.0,0.0,0.0,0.0,0.0,0.0,0.0,0.0,0.0,0.0,0.0,0.0,0.0,0.0,257320.9613515158
을지로동,311,18915.23,5,0,0,0,196.0,18.0,17.0,0.0,0.0,0.0,0.0,70.0,8.0,2.0,0.0,0.0,0.0,0.0,0.0,0.0,611191.8241219362
수색동,235,17761.53,0,0,0,0,191.0,27.0,0.0,0.0,0.0,0.0,0.0,16.0,1.0,0.0,0.0,0.0,0.0,0.0,0.0,0.0,1288994.0804731466
진관동,470,66841.22200000001,4,0,31,0,260.0,21.0,68.0,2.0,33.0,6.0,7.0,63.0,2.0,8.0,0.0,0.0,0.0,0.0,0.0,0.0,11556755.591424754
불광2동,1057,52954.808999999994,0,0,0,0,964.0,6.0,0.0,0.0,7.0,0.0,6.0,74.0,0.0,0.0,0.0,0.0,0.0,0.0,0.0,0.0,1395058.316432694
응암3동,832,39930.859,0,0,0,0,722.0,0.0,37.0,8.0,0.0,0.0,0.0,64.0,1.0,0.0,0.0,0.0,0.0,0.0,0.0,0.0,752218.738259083
천연동,284,20596.554,0,0,2,0,186.0,16.0,0.0,42.0,1.0,0.0,11.0,28.0,0.0,0.0,0.0,0.0,0.0,0.0,0.0,0.0,982085.8037137296
하계2동,35,5204.7390000000005,0,0,0,0,4.0,4.0,8.0,0.0,0.0,0.0,3.0,12.0,3.0,0.0,0.0,1.0,0.0,0.0,0.0,0.0,499641.43030394055
홍은2동,946,55842.257,0,0,1,0,772.0,4.0,16.0,34.0,1.0,1.0,0.0,115.0,2.0,0.0,0.0,1.0,0.0,0.0,0.0,0.0,2073551.3296406465
남가좌1동,98,8789.011,0,0,0,0,48.0,9.0,12.0,0.0,0.0,0.0,0.0,20.0,9.0,0.0,0.0,0.0,0.0,0.0,0.0,0.0,475186.44559841364
염리동,156,10409.449,0,0,0,0,149.0,0.0,0.0,0.0,0.0,0.0,0.0,6.0,1.0,0.0,0.0,0.0,0.0,0.0,0.0,0.0,496964.1632039498
연남동,269,21968.051999999996,0,0,0,0,181.0,0.0,76.0,0.0,0.0,0.0,0.0,12.0,0.0,0.0,0.0,0.0,0.0,0.0,0.0,0.0,646962.6834243573
성산1동,331,27224.044,0,0,2,0,240.0,18.0,28.0,0.0,0.0,0.0,7.0,36.0,0.0,2.0,0.0,0.0,0.0,0.0,0.0,0.0,858622.7767542929
상계8동,13,1843.719,0,0,0,0,0.0,0.0,8.0,0.0,0.0,0.0,0.0,0.0,0.0,0.0,1.0,4.0,0.0,0.0,0.0,0.0,665840.2223766085
상계3·4동,1099,52577.36600000001,0,0,0,0,979.0,0.0,12.0,0.0,0.0,0.0,0.0,105.0,1.0,2.0,0.0,0.0,0.0,0.0,0.0,0.0,5207882.552876593
신정3동,225,32887.384999999995,2,0,0,0,150.0,0.0,16.0,0.0,0.0,13.0,0.0,40.0,0.0,6.0,0.0,0.0,0.0,0.0,0.0,0.0,2754548.0168067683
논현2동,676,51229.155,0,0,0,0,587.0,37.0,0.0,4.0,0.0,0.0,2.0,40.0,4.0,2.0,0.0,0.0,0.0,0.0,0.0,0.0,1457417.3161702997
가양1동,434,59532.766,1,0,0,0,168.0,19.0,141.0,0.0,4.0,3.0,4.0,86.0,3.0,0.0,2.0,4.0,0.0,0.0,0.0,0.0,4967140.254616319
발산1동,412,41816.215,0,0,0,0,189.0,33.0,152.0,0.0,0.0,3.0,1.0,32.0,2.0,0.0,0.0,0.0,0.0,0.0,0.0,0.0,2885594.709123534
공항동,721,47557.725999999995,0,0,0,0,558.0,57.0,75.0,0.0,6.0,1.0,7.0,17.0,0.0,0.0,0.0,0.0,0.0,0.0,0.0,0.0,10854569.466132686
방화1동,291,27250.477000000003,0,0,0,0,202.0,2.0,50.0,0.0,0.0,0.0,1.0,33.0,1.0,0.0,0.0,0.0,0.0,2.0,0.0,0.0,1474547.8069126792
방화2동,773,65010.877,9,0,8,1,518.0,68.0,62.0,10.0,0.0,4.0,11.0,16.0,0.0,52.0,10.0,16.0,6.0,0.0,0.0,0.0,6153142.828359392
방화3동,177,26039.114999999998,4,0,2,0,120.0,0.0,18.0,0.0,0.0,0.0,0.0,28.0,1.0,0.0,5.0,5.0,0.0,0.0,0.0,0.0,2557045.327660925
대치1동,89,12231.151,0,0,0,0,55.0,7.0,4.0,0.0,0.0,2.0,0.0,20.0,1.0,0.0,0.0,0.0,0.0,0.0,0.0,0.0,809204.8117976281
신도림동,475,35577.884,0,0,7,0,346.0,29.0,0.0,0.0,4.0,0.0,18.0,63.0,13.0,2.0,0.0,0.0,0.0,0.0,0.0,0.0,1391772.83673329
구로1동,80,10668.622,1,0,3,0,14.0,3.0,28.0,0.0,0.0,1.0,2.0,20.0,10.0,2.0,0.0,0.0,0.0,0.0,0.0,0.0,1008158.1865776975
구로3동,279,27038.912,0,0,0,0,148.0,7.0,8.0,14.0,4.0,0.0,2.0,79.0,7.0,10.0,0.0,0.0,0.0,0.0,0.0,0.0,1039355.1776607537
구로4동,263,16721.754,0,0,0,0,221.0,0.0,22.0,2.0,0.0,0.0,0.0,17.0,1.0,0.0,0.0,0.0,0.0,0.0,0.0,0.0,524117.75546821754
고척1동,342,28513.295,2,0,0,0,269.0,10.0,0.0,0.0,8.0,0.0,0.0,42.0,11.0,2.0,0.0,0.0,0.0,0.0,0.0,0.0,1150403.1187427482
고척2동,592,34215.09,0,0,0,0,528.0,0.0,6.0,0.0,0.0,0.0,0.0,56.0,0.0,2.0,0.0,0.0,0.0,0.0,0.0,0.0,1024829.7435686842
시흥1동,702,44457.592,0,0,0,0,479.0,43.0,16.0,82.0,24.0,2.0,0.0,56.0,0.0,0.0,0.0,0.0,0.0,0.0,0.0,0.0,1522242.0314235918
북가좌2동,970,46394.538,0,0,0,0,893.0,0.0,23.0,2.0,0.0,0.0,0.0,50.0,0.0,2.0,0.0,0.0,0.0,0.0,0.0,0.0,824237.0783085288
충현동,551,35315.527,0,0,2,0,467.0,21.0,0.0,0.0,2.0,0.0,9.0,50.0,0.0,0.0,0.0,0.0,0.0,0.0,2.0,0.0,1115171.2625631846
북아현동,385,17951.58,0,0,0,0,371.0,12.0,0.0,0.0,0.0,0.0,2.0,0.0,0.0,0.0,0.0,0.0,0.0,0.0,0.0,0.0,458651.8854080355
신촌동,987,58406.56300000001,4,0,4,0,816.0,42.0,60.0,0.0,0.0,0.0,16.0,31.0,2.0,20.0,0.0,0.0,0.0,0.0,0.0,0.0,2718219.86329277
시흥5동,462,27161.487,2,0,0,0,250.0,0.0,74.0,68.0,2.0,1.0,0.0,64.0,3.0,0.0,0.0,0.0,0.0,0.0,0.0,0.0,1385952.4856134483
목4동,417,28531.678,0,0,0,0,365.0,0.0,30.0,0.0,0.0,0.0,0.0,20.0,2.0,0.0,0.0,0.0,0.0,0.0,0.0,0.0,577073.86175822
당산2동,455,37660.162000000004,2,0,5,0,299.0,31.0,12.0,0.0,2.0,0.0,8.0,80.0,9.0,0.0,4.0,10.0,0.0,0.0,0.0,0.0,1579860.9287481518
양평1동,308,24417.342,1,0,5,0,202.0,9.0,34.0,0.0,0.0,0.0,8.0,48.0,4.0,1.0,0.0,2.0,0.0,0.0,0.0,0.0,974200.4482881519
양평2동,533,53566.367,2,0,26,0,337.0,37.0,49.0,0.0,0.0,1.0,42.0,36.0,0.0,0.0,7.0,24.0,0.0,0.0,0.0,0.0,2872495.765241935
신길1동,266,22284.165,0,0,0,0,231.0,4.0,0.0,0.0,0.0,0.0,0.0,24.0,7.0,0.0,0.0,0.0,0.0,0.0,0.0,0.0,722392.3817789203
신길6동,275,20549.939000000002,0,0,0,0,171.0,45.0,2.0,0.0,6.0,0.0,0.0,48.0,3.0,0.0,0.0,0.0,0.0,0.0,0.0,0.0,617898.9496416061
신길7동,151,10213.635999999999,0,0,0,0,102.0,21.0,0.0,0.0,5.0,0.0,2.0,13.0,8.0,0.0,0.0,0.0,0.0,0.0,0.0,0.0,646693.328814988
망원2동,140,17180.868,1,0,5,0,99.0,11.0,20.0,0.0,0.0,0.0,0.0,0.0,0.0,0.0,1.0,9.0,0.0,0.0,0.0,0.0,675915.0220601681
대림3동,395,28441.561,0,0,14,0,305.0,0.0,0.0,0.0,0.0,0.0,0.0,85.0,5.0,0.0,0.0,0.0,0.0,0.0,0.0,0.0,921021.5398364807
영등포본동,391,26078.75,0,0,0,0,324.0,0.0,29.0,0.0,0.0,0.0,0.0,37.0,1.0,0.0,0.0,0.0,0.0,0.0,0.0,0.0,845748.9302893087
영등포동,786,54170.266,2,0,10,0,510.0,53.0,22.0,0.0,1.0,0.0,17.0,155.0,23.0,5.0,0.0,0.0,0.0,0.0,0.0,0.0,1371376.3105957066
도림동,315,21828.538,0,0,2,0,248.0,6.0,4.0,0.0,0.0,0.0,0.0,56.0,1.0,0.0,0.0,0.0,0.0,0.0,0.0,0.0,585455.3412495537
문래동,723,57697.702999999994,2,0,8,0,476.0,47.0,86.0,0.0,5.0,0.0,12.0,94.0,3.0,0.0,0.0,0.0,0.0,0.0,0.0,0.0,1785402.7320093864
노량진2동,135,11710.814,0,0,0,0,88.0,8.0,0.0,0.0,10.0,4.0,2.0,13.0,6.0,0.0,0.0,4.0,0.0,0.0,0.0,0.0,600124.1255216365
상도1동,219,24979.237,0,0,0,0,146.0,32.0,21.0,0.0,0.0,0.0,0.0,18.0,2.0,0.0,0.0,0.0,0.0,0.0,0.0,0.0,1481432.6565704115
상도2동,102,10872.946999999998,0,0,0,0,59.0,24.0,2.0,0.0,0.0,1.0,0.0,14.0,2.0,0.0,0.0,0.0,0.0,0.0,0.0,0.0,778402.0248436322
상도3동,52,7533.496,0,0,0,0,50.0,2.0,0.0,0.0,0.0,0.0,0.0,0.0,0.0,0.0,0.0,0.0,0.0,0.0,0.0,0.0,636728.6622764094
상도4동,99,13480.548,0,0,0,0,54.0,6.0,20.0,0.0,0.0,0.0,0.0,18.0,1.0,0.0,0.0,0.0,0.0,0.0,0.0,0.0,938866.7184147052
대방동,189,22349.826,0,0,1,0,130.0,34.0,0.0,0.0,12.0,0.0,4.0,0.0,9.0,0.0,0.0,0.0,0.0,0.0,0.0,0.0,1543763.0700790999
신대방2동,76,10098.089,0,0,0,0,28.0,8.0,18.0,0.0,11.0,0.0,0.0,8.0,3.0,0.0,0.0,0.0,0.0,0.0,0.0,0.0,976657.3105687752
흑석동,88,13226.168,0,0,0,0,46.0,8.0,34.0,0.0,0.0,0.0,0.0,0.0,0.0,0.0,0.0,0.0,0.0,0.0,0.0,0.0,1707033.866053718
노량진1동,346,35513.869,2,0,4,0,218.0,39.0,2.0,0.0,18.0,3.0,23.0,10.0,23.0,10.0,0.0,0.0,0.0,0.0,0.0,0.0,1612248.633019283
사당2동,281,26092.685,1,0,7,0,216.0,19.0,0.0,0.0,1.0,0.0,3.0,20.0,1.0,8.0,0.0,13.0,0.0,0.0,0.0,0.0,2761137.42801754
보라매동,25,3901.8570000000004,0,0,0,0,16.0,0.0,0.0,0.0,0.0,1.0,0.0,8.0,0.0,0.0,0.0,0.0,0.0,0.0,0.0,0.0,749326.924434744
등촌3동,227,25873.244,0,0,0,0,146.0,11.0,40.0,0.0,1.0,0.0,3.0,26.0,0.0,0.0,0.0,0.0,0.0,0.0,0.0,0.0,1059596.5790403967
삼성동,329,30387.255000000005,0,0,8,0,222.0,0.0,44.0,14.0,0.0,0.0,0.0,44.0,5.0,0.0,0.0,0.0,0.0,0.0,0.0,0.0,2602463.717896731
미성동,574,39005.418000000005,0,0,0,0,402.0,9.0,66.0,42.0,0.0,0.0,0.0,52.0,3.0,0.0,0.0,0.0,0.0,0.0,0.0,0.0,1358429.7106800037
양재1동,1092,86131.074,4,2,7,0,842.0,28.0,151.0,0.0,2.0,3.0,3.0,46.0,1.0,6.0,2.0,8.0,0.0,0.0,0.0,0.0,5760998.857359636
양재2동,983,80571.85999999999,14,0,4,0,692.0,41.0,126.0,20.0,0.0,0.0,8.0,53.0,16.0,8.0,1.0,2.0,9.0,0.0,0.0,7.0,7556516.713944593
내곡동,596,79373.253,4,0,37,0,458.0,46.0,16.0,12.0,9.0,0.0,1.0,7.0,4.0,30.0,4.0,6.0,3.0,0.0,0.0,0.0,12699154.071998626
세곡동,724,73360.474,2,0,9,0,602.0,27.0,20.0,0.0,0.0,0.0,0.0,68.0,5.0,2.0,0.0,0.0,0.0,0.0,0.0,0.0,6362857.325297951
가산동,413,53852.812,0,0,14,0,130.0,15.0,86.0,42.0,0.0,0.0,34.0,95.0,11.0,0.0,0.0,0.0,0.0,0.0,0.0,0.0,2511019.692259901
장지동,301,31470.33,0,0,2,0,207.0,6.0,62.0,0.0,0.0,0.0,0.0,20.0,0.0,0.0,0.0,0.0,5.0,0.0,0.0,1.0,1277361.5867771239
위례동,263,37875.787,2,0,7,0,142.0,3.0,34.0,0.0,0.0,3.0,2.0,52.0,11.0,2.0,0.0,0.0,13.0,0.0,0.0,1.0,2638595.6976443296
서초2동,344,30533.194,0,0,1,0,246.0,30.0,30.0,0.0,0.0,1.0,1.0,24.0,9.0,0.0,1.0,2.0,0.0,0.0,0.0,0.0,1229992.498905751
서림동,427,24498.531000000003,0,0,6,0,400.0,0.0,0.0,0.0,0.0,0.0,0.0,27.0,0.0,0.0,0.0,0.0,0.0,0.0,0.0,0.0,940554.7989476658
신사동(관악),319,25758.421000000002,0,0,1,1,265.0,8.0,0.0,0.0,0.0,0.0,0.0,46.0,0.0,0.0,0.0,0.0,0.0,0.0,0.0,0.0,640559.520426972
반포본동,23,3666.8720000000008,1,0,4,0,0.0,0.0,4.0,6.0,0.0,0.0,0.0,6.0,1.0,0.0,2.0,4.0,0.0,0.0,0.0,0.0,971806.976599852
오륜동,105,17851.403,0,0,13,0,48.0,12.0,1.0,0.0,0.0,0.0,0.0,37.0,7.0,0.0,0.0,0.0,0.0,0.0,0.0,0.0,3082692.3031972824
논현1동,688,53351.763000000006,0,0,0,0,597.0,15.0,0.0,0.0,1.0,0.0,0.0,74.0,1.0,0.0,0.0,0.0,0.0,0.0,0.0,0.0,1257791.4756882233
신월4동,207,18334.809,0,0,0,0,160.0,6.0,11.0,0.0,0.0,4.0,0.0,23.0,0.0,0.0,0.0,3.0,0.0,0.0,0.0,0.0,469534.51886424166
정릉2동,403,27770.214,0,0,0,0,345.0,19.0,8.0,0.0,0.0,0.0,0.0,25.0,6.0,0.0,0.0,0.0,0.0,0.0,0.0,0.0,1094064.4853335163
정릉3동,565,42069.83,9,0,2,1,469.0,15.0,28.0,0.0,0.0,1.0,2.0,41.0,0.0,6.0,1.0,2.0,0.0,0.0,0.0,0.0,3324627.6068895017
장위3동,301,18761.879999999997,0,0,0,0,250.0,2.0,46.0,0.0,0.0,1.0,0.0,2.0,0.0,0.0,0.0,0.0,0.0,0.0,0.0,0.0,652103.7834482638
창신3동,101,6118.237999999999,0,0,0,0,98.0,0.0,1.0,0.0,0.0,0.0,0.0,2.0,0.0,0.0,0.0,0.0,0.0,0.0,0.0,0.0,216671.88707114756
숭인1동,210,9767.918,0,0,0,0,180.0,8.0,14.0,0.0,0.0,0.0,0.0,8.0,0.0,0.0,0.0,0.0,0.0,0.0,0.0,0.0,239215.32115712762
숭인2동,358,17760.002,0,0,0,0,303.0,12.0,18.0,2.0,2.0,0.0,0.0,18.0,3.0,0.0,0.0,0.0,0.0,0.0,0.0,0.0,351640.3118996836
청운효자동,102,15032.777999999998,0,0,0,0,44.0,0.0,52.0,0.0,0.0,4.0,0.0,0.0,0.0,2.0,0.0,0.0,0.0,0.0,0.0,0.0,2568560.0561181656
혜화동,686,34940.288,0,0,0,0,596.0,14.0,68.0,0.0,0.0,0.0,0.0,8.0,0.0,0.0,0.0,0.0,0.0,0.0,0.0,0.0,1131570.1264344405
소공동,242,18222.557,0,0,0,0,94.0,51.0,26.0,0.0,3.0,4.0,2.0,52.0,10.0,0.0,0.0,0.0,0.0,0.0,0.0,0.0,943090.0451436482
회현동,279,20960.163,1,0,1,0,176.0,39.0,0.0,0.0,6.0,0.0,0.0,47.0,9.0,2.0,0.0,0.0,0.0,0.0,0.0,0.0,897156.1069994248
명동,482,31156.394,2,0,0,0,345.0,33.0,39.0,0.0,4.0,1.0,0.0,57.0,3.0,0.0,0.0,0.0,0.0,0.0,0.0,0.0,968876.2596073084
필동,238,18423.081,3,0,1,0,186.0,2.0,25.0,0.0,0.0,0.0,0.0,20.0,5.0,0.0,0.0,0.0,0.0,0.0,0.0,0.0,1463586.7173388686
신당5동,231,12667.345999999998,0,0,0,0,215.0,0.0,0.0,0.0,0.0,0.0,0.0,14.0,2.0,0.0,0.0,0.0,0.0,0.0,0.0,0.0,319464.4409896031
서빙고동,308,34833.445,6,0,21,0,197.0,13.0,6.0,2.0,0.0,3.0,0.0,54.0,14.0,2.0,6.0,11.0,0.0,0.0,0.0,0.0,2819832.4652768606
보광동,763,31166.521,0,0,0,0,700.0,0.0,14.0,0.0,0.0,0.0,0.0,46.0,3.0,0.0,0.0,0.0,0.0,0.0,0.0,0.0,714558.4725691938
청파동,752,39996.69,0,0,0,0,692.0,0.0,2.0,8.0,0.0,0.0,0.0,50.0,0.0,0.0,0.0,0.0,0.0,0.0,0.0,0.0,885524.0864885118
원효로1동,376,23005.713,2,0,0,0,282.0,0.0,0.0,8.0,0.0,0.0,0.0,83.0,3.0,0.0,0.0,0.0,0.0,0.0,0.0,0.0,588618.2441151603
한강로동,533,41641.32,2,0,0,0,379.0,55.0,4.0,4.0,9.0,0.0,0.0,71.0,7.0,4.0,0.0,0.0,0.0,0.0,0.0,0.0,2867675.943997098
황학동,477,21591.117,0,0,0,0,383.0,3.0,36.0,2.0,0.0,0.0,0.0,52.0,1.0,0.0,0.0,0.0,0.0,0.0,0.0,0.0,328391.1913211079
신당동,391,22017.816000000003,0,0,0,0,298.0,3.0,27.0,2.0,0.0,0.0,0.0,58.0,3.0,0.0,0.0,0.0,0.0,0.0,0.0,0.0,534537.9543278636
다산동,553,28544.891,0,0,0,0,506.0,0.0,4.0,0.0,0.0,0.0,0.0,42.0,1.0,0.0,0.0,0.0,0.0,0.0,0.0,0.0,523575.88247961865
약수동,176,11215.431,0,0,0,0,160.0,0.0,0.0,0.0,0.0,0.0,0.0,13.0,2.0,1.0,0.0,0.0,0.0,0.0,0.0,0.0,485866.14328778174
신정1동,137,13308.252,0,0,0,0,60.0,0.0,42.0,0.0,0.0,0.0,0.0,34.0,1.0,0.0,0.0,0.0,0.0,0.0,0.0,0.0,747026.4143275946
청구동,121,8502.537999999999,0,0,0,0,113.0,0.0,0.0,0.0,0.0,0.0,0.0,8.0,0.0,0.0,0.0,0.0,0.0,0.0,0.0,0.0,342312.1088893147
신정4동,577,44597.756,0,0,0,0,449.0,0.0,28.0,0.0,0.0,0.0,0.0,96.0,4.0,0.0,0.0,0.0,0.0,0.0,0.0,0.0,996421.2101891473
동화동,155,8990.223000000002,0,0,0,0,147.0,0.0,0.0,0.0,0.0,0.0,0.0,8.0,0.0,0.0,0.0,0.0,0.0,0.0,0.0,0.0,326798.3838421991
이촌1동,146,18975.496,5,0,1,0,67.0,5.0,0.0,0.0,0.0,0.0,0.0,47.0,4.0,0.0,8.0,15.0,0.0,0.0,0.0,0.0,2870622.4573849896
이촌2동,115,12503.941,0,0,5,0,70.0,1.0,7.0,0.0,0.0,1.0,0.0,24.0,0.0,0.0,6.0,6.0,0.0,0.0,0.0,0.0,1204647.7115454406
이태원2동,382,24792.769999999997,0,0,0,0,336.0,6.0,0.0,0.0,0.0,0.0,0.0,40.0,0.0,0.0,0.0,0.0,0.0,0.0,0.0,0.0,873587.4397271597
행당1동,377,21689.318,0,0,0,0,236.0,16.0,19.0,64.0,0.0,5.0,0.0,21.0,16.0,0.0,0.0,0.0,0.0,0.0,0.0,0.0,573130.400000339
행당2동,124,7614.24,0,0,0,0,96.0,0.0,0.0,18.0,0.0,0.0,0.0,10.0,0.0,0.0,0.0,0.0,0.0,0.0,0.0,0.0,457322.17618414
응봉동,205,11469.494999999999,0,0,0,0,180.0,2.0,8.0,0.0,0.0,0.0,0.0,2.0,13.0,0.0,0.0,0.0,0.0,0.0,0.0,0.0,553164.584574109
성수1가2동,380,28526.9,1,0,0,0,276.0,0.0,23.0,18.0,0.0,0.0,0.0,49.0,12.0,0.0,2.0,0.0,0.0,0.0,0.0,0.0,929378.4492265667
성수2가3동,404,35609.743,0,0,0,0,306.0,11.0,46.0,0.0,0.0,0.0,0.0,38.0,1.0,2.0,0.0,0.0,0.0,0.0,0.0,0.0,1053696.7254851966
왕십리도선동,355,23330.821,0,0,2,0,274.0,7.0,0.0,10.0,0.0,0.0,0.0,59.0,5.0,0.0,0.0,0.0,0.0,0.0,0.0,0.0,709747.3358940944
상암동,384,81804.716,2,0,22,1,131.0,5.0,18.0,0.0,0.0,0.0,3.0,102.0,5.0,58.0,16.0,46.0,0.0,0.0,0.0,0.0,8396291.145079874
공덕동,695,40284.94,0,0,0,0,568.0,26.0,33.0,0.0,0.0,0.0,2.0,56.0,10.0,0.0,0.0,0.0,0.0,0.0,0.0,0.0,1018450.1657504902
독산1동,516,48734.528000000006,0,0,6,0,338.0,18.0,42.0,52.0,2.0,0.0,0.0,40.0,18.0,0.0,3.0,3.0,0.0,0.0,0.0,0.0,2060413.4735970728
금호2·3가동,355,22478.084000000003,0,0,0,0,304.0,0.0,40.0,0.0,0.0,0.0,0.0,10.0,1.0,0.0,0.0,0.0,0.0,0.0,0.0,0.0,630718.9454334088
화양동,594,39185.836,0,2,0,0,537.0,14.0,0.0,0.0,0.0,0.0,0.0,36.0,5.0,2.0,0.0,0.0,0.0,0.0,0.0,0.0,1135446.8120101115
군자동,761,38135.556,0,0,0,0,640.0,23.0,76.0,0.0,0.0,0.0,5.0,17.0,0.0,0.0,0.0,0.0,0.0,0.0,0.0,0.0,737460.1372976984
등촌1동,198,16371.93,0,0,0,0,152.0,13.0,12.0,0.0,0.0,0.0,1.0,20.0,0.0,0.0,0.0,0.0,0.0,0.0,0.0,0.0,650269.167252311
중곡1동,244,18041.084,0,0,1,0,176.0,15.0,20.0,0.0,0.0,0.0,7.0,20.0,0.0,0.0,0.0,6.0,0.0,0.0,0.0,0.0,614033.600945475
상계9동,12,2436.428,0,0,0,0,0.0,2.0,10.0,0.0,0.0,0.0,0.0,0.0,0.0,0.0,0.0,0.0,0.0,0.0,0.0,0.0,718895.6152781093
중곡2동,287,22655.736,0,0,0,0,243.0,8.0,0.0,0.0,0.0,0.0,0.0,36.0,0.0,0.0,0.0,0.0,0.0,0.0,0.0,0.0,545123.0428057389
중계1동,40,6941.178,0,0,0,0,22.0,0.0,10.0,0.0,0.0,0.0,0.0,8.0,0.0,0.0,0.0,0.0,0.0,0.0,0.0,0.0,622972.9598420553
중곡3동,289,20712.984,0,0,0,0,247.0,8.0,18.0,0.0,0.0,0.0,0.0,14.0,0.0,0.0,0.0,0.0,0.0,0.0,2.0,0.0,601404.2505816146
중곡4동,590,39569.191999999995,0,0,0,0,532.0,57.0,0.0,0.0,0.0,0.0,1.0,0.0,0.0,0.0,0.0,0.0,0.0,0.0,0.0,0.0,2311686.9759695507
능동,256,19506.534,0,0,0,0,228.0,9.0,0.0,0.0,0.0,0.0,0.0,18.0,1.0,0.0,0.0,0.0,0.0,0.0,0.0,0.0,1091266.6209280044
구의1동,537,27962.898,0,9,0,0,468.0,37.0,0.0,8.0,0.0,0.0,0.0,23.0,1.0,0.0,0.0,0.0,0.0,0.0,0.0,0.0,594547.3377041538
구의3동,347,28020.970999999998,1,0,3,0,215.0,0.0,32.0,0.0,0.0,0.0,0.0,72.0,8.0,0.0,3.0,17.0,0.0,0.0,0.0,0.0,1026770.218611246
잠실본동,522,37915.789,0,0,2,0,442.0,5.0,35.0,30.0,0.0,0.0,0.0,7.0,3.0,0.0,0.0,0.0,0.0,0.0,0.0,0.0,1028207.0161975389
광장동,269,29771.949,3,0,4,0,165.0,26.0,19.0,6.0,0.0,0.0,3.0,28.0,2.0,6.0,6.0,8.0,0.0,0.0,0.0,0.0,2391913.443111936
자양1동,461,25887.803,0,0,0,0,396.0,12.0,6.0,0.0,0.0,0.0,0.0,25.0,2.0,20.0,0.0,0.0,0.0,0.0,0.0,0.0,568431.3694563367
자양2동,537,36296.573000000004,2,1,10,0,467.0,14.0,11.0,0.0,0.0,0.0,0.0,15.0,0.0,4.0,3.0,23.0,0.0,0.0,0.0,0.0,1656250.454622455
잠실4동,71,9445.392,0,0,0,0,18.0,19.0,12.0,0.0,0.0,0.0,0.0,17.0,3.0,2.0,0.0,0.0,0.0,0.0,0.0,0.0,779600.6155107392
자양4동,770,43897.56,10,0,11,0,474.0,14.0,0.0,210.0,0.0,0.0,1.0,49.0,0.0,0.0,6.0,16.0,0.0,0.0,0.0,0.0,1179121.3167746027
잠실6동,108,11067.146,8,0,3,0,42.0,17.0,16.0,0.0,10.0,1.0,6.0,7.0,2.0,0.0,0.0,7.0,0.0,0.0,0.0,0.0,1506838.6477408996
회기동,366,18647.278,0,0,0,0,302.0,9.0,8.0,8.0,0.0,0.0,0.0,38.0,1.0,0.0,0.0,0.0,0.0,0.0,0.0,0.0,766332.5189408018
휘경2동,579,34442.597,0,0,0,0,485.0,17.0,18.0,0.0,8.0,0.0,0.0,40.0,8.0,0.0,0.0,3.0,0.0,0.0,0.0,0.0,1112757.5054325059
청량리동,556,32179.093,0,0,2,0,432.0,18.0,2.0,0.0,8.0,0.0,2.0,92.0,2.0,0.0,0.0,0.0,0.0,0.0,0.0,0.0,1203482.101389437
용신동,1433,82305.188,0,0,23,0,1163.0,88.0,36.0,6.0,5.0,0.0,6.0,119.0,8.0,0.0,0.0,2.0,0.0,0.0,0.0,0.0,1617172.3870442978
제기동,1068,59481.103,0,0,10,0,907.0,52.0,0.0,0.0,8.0,0.0,0.0,100.0,1.0,0.0,0.0,0.0,0.0,0.0,0.0,0.0,1180807.7475039808
전농1동,867,48047.247,1,0,10,0,722.0,9.0,20.0,0.0,0.0,0.0,1.0,111.0,4.0,0.0,0.0,0.0,0.0,0.0,0.0,0.0,1125837.194487323
전농2동,294,17530.103,0,0,2,0,245.0,0.0,0.0,0.0,0.0,0.0,0.0,46.0,3.0,0.0,0.0,0.0,0.0,0.0,0.0,0.0,976821.1385077173
답십리2동,591,34697.172,0,0,0,0,495.0,4.0,20.0,0.0,0.0,1.0,0.0,70.0,1.0,0.0,0.0,0.0,0.0,0.0,0.0,0.0,875076.2664753255
잠실7동,27,6275.553,0,0,0,0,14.0,4.0,4.0,0.0,0.0,1.0,1.0,3.0,0.0,0.0,0.0,0.0,0.0,0.0,0.0,0.0,722932.2014661238
장안1동,821,54457.556,0,0,3,0,733.0,11.0,52.0,0.0,0.0,3.0,0.0,18.0,1.0,0.0,0.0,3.0,0.0,0.0,0.0,0.0,1341140.8014897213
장안2동,726,43412.587999999996,0,0,0,0,606.0,0.0,32.0,0.0,0.0,0.0,0.0,62.0,22.0,0.0,0.0,4.0,0.0,0.0,0.0,0.0,995877.0812284879
면목2동,290,26474.97,0,0,1,0,223.0,12.0,20.0,0.0,0.0,0.0,2.0,31.0,1.0,0.0,0.0,1.0,0.0,0.0,0.0,0.0,762536.3752367855
면목4동,394,21571.571,0,0,2,0,354.0,12.0,24.0,0.0,0.0,0.0,2.0,2.0,0.0,0.0,0.0,0.0,0.0,0.0,0.0,0.0,842818.4554190743
잠실2동,101,17414.634999999995,1,0,2,0,28.0,6.0,33.0,0.0,0.0,2.0,0.0,1.0,1.0,0.0,8.0,22.0,0.0,0.0,0.0,0.0,2684789.47682667
면목5동,215,16052.536000000002,0,0,1,0,176.0,14.0,4.0,0.0,0.0,0.0,4.0,10.0,3.0,0.0,2.0,2.0,0.0,0.0,0.0,0.0,704395.2091776718
면목7동,441,25542.321,2,0,0,0,366.0,20.0,10.0,0.0,0.0,0.0,0.0,32.0,13.0,0.0,0.0,0.0,0.0,0.0,0.0,0.0,1234524.015064077
상봉2동,496,29987.893,0,0,0,0,328.0,47.0,50.0,10.0,28.0,0.0,11.0,22.0,0.0,0.0,0.0,0.0,0.0,0.0,0.0,0.0,676924.9459252284
중화2동,370,34402.699,2,0,2,0,234.0,26.0,35.0,0.0,5.0,0.0,2.0,60.0,2.0,0.0,2.0,4.0,0.0,0.0,0.0,0.0,1016175.9160017996
묵1동,333,30274.161,0,0,0,0,215.0,31.0,46.0,0.0,0.0,0.0,0.0,41.0,0.0,0.0,0.0,0.0,0.0,0.0,0.0,0.0,1237485.18042831
묵2동,133,14761.412,0,0,1,0,81.0,9.0,22.0,0.0,0.0,0.0,2.0,16.0,0.0,0.0,0.0,3.0,0.0,0.0,0.0,0.0,668690.7559509415
공릉2동,538,48993.743,0,4,8,0,400.0,32.0,50.0,28.0,0.0,4.0,1.0,16.0,7.0,0.0,0.0,0.0,0.0,0.0,0.0,0.0,6978055.842591384
망우3동,346,22059.748,0,0,0,0,284.0,12.0,40.0,0.0,0.0,0.0,0.0,10.0,0.0,0.0,0.0,0.0,0.0,0.0,0.0,0.0,961818.5318011508
신내2동,29,4823.961,0,0,0,0,13.0,0.0,14.0,0.0,0.0,0.0,0.0,0.0,0.0,2.0,0.0,0.0,0.0,0.0,0.0,0.0,910579.9236387281
면목본동,823,43818.96400000001,0,0,0,0,735.0,0.0,38.0,0.0,0.0,0.0,0.0,48.0,2.0,0.0,0.0,0.0,0.0,0.0,0.0,0.0,848365.7831364843
면목3·8동,679,38519.721000000005,0,0,0,0,614.0,32.0,12.0,0.0,0.0,0.0,0.0,21.0,0.0,0.0,0.0,0.0,0.0,0.0,0.0,0.0,1613531.4302207578
망우본동,1467,77210.59000000001,8,0,2,0,1172.0,78.0,131.0,16.0,37.0,0.0,1.0,4.0,0.0,28.0,0.0,0.0,0.0,0.0,0.0,0.0,2945831.542388346
돈암1동,152,11772.326,0,0,2,0,118.0,16.0,12.0,0.0,4.0,0.0,2.0,0.0,0.0,0.0,0.0,0.0,0.0,0.0,0.0,0.0,488925.34809062275
돈암2동,123,10963.419999999998,0,2,0,0,115.0,0.0,2.0,0.0,0.0,0.0,0.0,6.0,0.0,0.0,0.0,0.0,0.0,0.0,0.0,0.0,518095.748114444
안암동,559,32193.891,0,0,0,0,466.0,0.0,8.0,0.0,0.0,0.0,0.0,83.0,2.0,0.0,0.0,0.0,0.0,0.0,0.0,0.0,1378526.3863606001
보문동,437,25364.788,0,0,0,0,387.0,0.0,10.0,0.0,0.0,0.0,0.0,38.0,2.0,0.0,0.0,0.0,0.0,0.0,0.0,0.0,552588.3866339023
길음2동,277,18209.384,0,0,1,0,222.0,21.0,12.0,0.0,2.0,0.0,0.0,15.0,4.0,0.0,0.0,1.0,0.0,0.0,0.0,0.0,587556.5427814863
공릉1동,719,46058.691999999995,0,0,2,0,562.0,58.0,42.0,2.0,0.0,0.0,12.0,37.0,2.0,0.0,1.0,3.0,0.0,0.0,0.0,0.0,1262293.2058038919
월곡1동,696,31390.005999999994,0,0,1,0,532.0,20.0,90.0,0.0,0.0,0.0,1.0,53.0,0.0,0.0,0.0,0.0,0.0,0.0,0.0,0.0,801148.514427909
장위1동,998,44156.095,0,0,0,0,924.0,0.0,60.0,0.0,0.0,0.0,0.0,14.0,0.0,0.0,0.0,0.0,0.0,0.0,0.0,0.0,708007.1947544526
장위2동,829,37850.932,0,0,0,0,684.0,13.0,94.0,0.0,0.0,0.0,0.0,38.0,0.0,0.0,0.0,0.0,0.0,0.0,0.0,0.0,679375.7924119646
불광1동,934,49902.16,0,0,0,0,777.0,48.0,6.0,0.0,32.0,0.0,1.0,70.0,0.0,0.0,0.0,0.0,0.0,0.0,0.0,0.0,3122614.023353456
종암동,868,51941.721,0,0,3,0,762.0,63.0,4.0,0.0,0.0,0.0,1.0,36.0,2.0,0.0,0.0,0.0,0.0,0.0,0.0,0.0,1403462.3270636736
석관동,1501,70646.745,2,0,7,0,1158.0,21.0,97.0,72.0,0.0,1.0,0.0,140.0,6.0,0.0,1.0,5.0,0.0,0.0,0.0,0.0,1703758.663315714
번1동,997,41728.026,0,0,0,0,868.0,10.0,30.0,0.0,2.0,0.0,0.0,85.0,2.0,0.0,0.0,0.0,0.0,0.0,0.0,0.0,626560.6523034519
번2동,328,20127.086,0,0,0,0,288.0,0.0,32.0,4.0,0.0,0.0,0.0,4.0,0.0,0.0,0.0,0.0,0.0,0.0,0.0,0.0,973558.5116256031
번3동,119,11169.626999999999,0,0,0,0,58.0,0.0,34.0,0.0,0.0,0.0,0.0,26.0,1.0,0.0,0.0,0.0,0.0,0.0,0.0,0.0,1080354.8515128882
수유2동,769,39728.354,0,0,0,0,586.0,24.0,132.0,0.0,0.0,0.0,0.0,26.0,1.0,0.0,0.0,0.0,0.0,0.0,0.0,0.0,581177.0292867707
수유3동,1169,52634.419,0,0,0,0,1082.0,27.0,8.0,0.0,0.0,0.0,0.0,50.0,2.0,0.0,0.0,0.0,0.0,0.0,0.0,0.0,745080.952473979
송중동,1181,56494.35399999999,0,0,0,0,1069.0,23.0,80.0,0.0,2.0,0.0,0.0,6.0,1.0,0.0,0.0,0.0,0.0,0.0,0.0,0.0,1074979.9840743016
쌍문1동,658,39380.572,0,0,8,0,602.0,8.0,30.0,0.0,0.0,0.0,0.0,16.0,0.0,2.0,0.0,0.0,0.0,0.0,0.0,0.0,1174885.560468779
쌍문2동,529,26653.494,0,0,0,0,397.0,13.0,0.0,99.0,0.0,0.0,0.0,20.0,0.0,0.0,0.0,0.0,0.0,0.0,0.0,0.0,540781.8048782916
쌍문3동,500,27738.814,0,0,0,0,462.0,8.0,0.0,0.0,0.0,0.0,0.0,30.0,0.0,0.0,0.0,0.0,0.0,0.0,0.0,0.0,504422.92984713276
쌍문4동,126,9849.622,0,0,0,0,106.0,0.0,4.0,0.0,0.0,0.0,0.0,16.0,0.0,0.0,0.0,0.0,0.0,0.0,0.0,0.0,554447.018232064
방학1동,769,45376.906,8,0,1,0,572.0,16.0,34.0,45.0,0.0,0.0,0.0,86.0,16.0,0.0,0.0,0.0,0.0,0.0,0.0,0.0,1040065.5393089005
방학2동,416,26106.944,0,0,0,0,368.0,0.0,36.0,4.0,0.0,0.0,0.0,8.0,0.0,0.0,0.0,0.0,0.0,0.0,0.0,0.0,1091985.6081379617
방학3동,145,13048.47,0,0,0,0,107.0,0.0,30.0,2.0,0.0,0.0,0.0,6.0,0.0,0.0,0.0,0.0,0.0,0.0,0.0,0.0,1949549.8098475437
창1동,400,24426.0,0,0,0,0,332.0,5.0,36.0,2.0,0.0,0.0,0.0,20.0,5.0,0.0,0.0,0.0,0.0,0.0,0.0,0.0,1121318.0350166403
창2동,563,32486.221999999998,0,0,0,0,498.0,2.0,40.0,0.0,0.0,0.0,0.0,22.0,1.0,0.0,0.0,0.0,0.0,0.0,0.0,0.0,653945.3199286201
창3동,698,28369.864,0,0,0,0,676.0,0.0,22.0,0.0,0.0,0.0,0.0,0.0,0.0,0.0,0.0,0.0,0.0,0.0,0.0,0.0,654987.2585618973
창4동,165,22531.164,1,0,0,0,85.0,0.0,2.0,0.0,0.0,8.0,0.0,64.0,5.0,0.0,0.0,1.0,0.0,0.0,0.0,0.0,1139307.1425798626
창5동,318,22473.586,0,0,0,0,243.0,12.0,6.0,8.0,0.0,2.0,0.0,47.0,0.0,0.0,0.0,0.0,0.0,0.0,0.0,0.0,700942.9110055683
남가좌2동,571,28805.012000000002,0,0,0,0,502.0,0.0,26.0,0.0,0.0,0.0,0.0,42.0,1.0,0.0,0.0,0.0,0.0,0.0,0.0,0.0,783220.5066194005
북가좌1동,218,15626.028000000002,0,0,1,0,152.0,8.0,28.0,0.0,0.0,0.0,0.0,30.0,0.0,0.0,0.0,0.0,0.0,0.0,0.0,0.0,577555.041267662
도봉1동,632,47788.334,0,0,19,0,599.0,8.0,6.0,0.0,3.0,0.0,0.0,12.0,0.0,4.0,0.0,0.0,0.0,0.0,0.0,0.0,8445069.21686487
도봉2동,205,24726.359,6,0,5,0,147.0,5.0,42.0,0.0,0.0,0.0,0.0,11.0,0.0,0.0,0.0,0.0,0.0,0.0,0.0,0.0,1118179.2149435128
월계1동,617,36171.337,0,0,0,0,482.0,0.0,123.0,0.0,0.0,0.0,0.0,8.0,2.0,2.0,0.0,0.0,0.0,0.0,0.0,0.0,1140714.923916889
월계3동,96,14290.380000000001,0,0,3,0,40.0,2.0,19.0,0.0,0.0,1.0,0.0,20.0,1.0,0.0,4.0,9.0,0.0,0.0,0.0,0.0,1133290.999021734
하계1동,278,22509.962,2,0,0,0,178.0,0.0,14.0,2.0,0.0,0.0,0.0,46.0,0.0,38.0,0.0,0.0,0.0,0.0,0.0,0.0,1525890.4777606227
중계본동,562,30199.744,0,0,0,0,532.0,0.0,28.0,0.0,0.0,0.0,0.0,0.0,0.0,2.0,0.0,0.0,0.0,0.0,0.0,0.0,2181556.3382770917
중계4동,131,11216.201000000001,0,0,0,0,105.0,0.0,0.0,0.0,0.0,0.0,0.0,26.0,0.0,0.0,0.0,0.0,0.0,0.0,0.0,0.0,1518104.7984501186
상계1동,588,40437.556000000004,4,0,2,0,527.0,37.0,0.0,0.0,0.0,0.0,0.0,12.0,0.0,0.0,4.0,8.0,0.0,0.0,0.0,0.0,5398483.701444775
상계2동,513,28530.592,0,0,0,0,426.0,0.0,2.0,0.0,0.0,0.0,0.0,84.0,1.0,0.0,0.0,0.0,0.0,0.0,0.0,0.0,622648.9470855118
상계5동,678,32504.424000000003,0,0,0,0,582.0,0.0,32.0,0.0,0.0,0.0,0.0,64.0,0.0,0.0,0.0,0.0,0.0,0.0,0.0,0.0,906196.8807109982
중계2·3동,74,15498.534000000001,0,0,0,0,12.0,8.0,18.0,0.0,0.0,0.0,0.0,36.0,0.0,0.0,0.0,0.0,0.0,0.0,0.0,0.0,918380.4956781454
상계10동,60,9224.614999999998,0,0,0,0,22.0,12.0,6.0,0.0,0.0,0.0,2.0,14.0,0.0,0.0,1.0,3.0,0.0,0.0,0.0,0.0,808596.8881867176
상계6·7동,198,24762.532,2,0,0,0,74.0,12.0,12.0,0.0,0.0,0.0,0.0,48.0,0.0,0.0,12.0,40.0,0.0,0.0,0.0,0.0,1449188.0867131818
녹번동,826,46448.982,0,0,0,0,650.0,51.0,38.0,0.0,40.0,3.0,0.0,32.0,12.0,0.0,0.0,0.0,0.0,0.0,0.0,0.0,1792888.4896744485
갈현1동,922,45796.093,0,0,0,0,851.0,16.0,0.0,0.0,9.0,0.0,14.0,32.0,0.0,0.0,0.0,0.0,0.0,0.0,0.0,0.0,960364.3933504749
갈현2동,674,38465.225999999995,0,0,0,0,620.0,20.0,0.0,0.0,0.0,0.0,0.0,34.0,0.0,0.0,0.0,0.0,0.0,0.0,0.0,0.0,984441.1117184897
구산동,685,38856.47,0,0,0,0,631.0,32.0,0.0,0.0,0.0,0.0,0.0,22.0,0.0,0.0,0.0,0.0,0.0,0.0,0.0,0.0,1388754.7637064354
대조동,760,39609.813,0,0,0,0,673.0,48.0,20.0,0.0,4.0,0.0,0.0,7.0,8.0,0.0,0.0,0.0,0.0,0.0,0.0,0.0,851064.6931698452
응암1동,567,32995.795,0,0,0,0,466.0,2.0,4.0,0.0,1.0,0.0,0.0,93.0,1.0,0.0,0.0,0.0,0.0,0.0,0.0,0.0,1109043.8321871124
응암2동,419,24068.131,0,0,0,0,279.0,0.0,38.0,36.0,0.0,0.0,0.0,64.0,2.0,0.0,0.0,0.0,0.0,0.0,0.0,0.0,754690.3192050273
신사1동,496,26987.952999999998,0,0,0,0,420.0,14.0,10.0,4.0,0.0,0.0,0.0,44.0,4.0,0.0,0.0,0.0,0.0,0.0,0.0,0.0,807720.0252852711
대치4동,295,24095.71,0,0,0,0,266.0,3.0,0.0,0.0,0.0,0.0,0.0,26.0,0.0,0.0,0.0,0.0,0.0,0.0,0.0,0.0,700546.9238886905
신사2동,608,31289.557999999997,0,0,0,0,510.0,14.0,0.0,0.0,0.0,0.0,0.0,74.0,10.0,0.0,0.0,0.0,0.0,0.0,0.0,0.0,1045454.2596177695
증산동,404,26569.593999999997,0,0,0,0,318.0,24.0,52.0,0.0,0.0,0.0,10.0,0.0,0.0,0.0,0.0,0.0,0.0,0.0,0.0,0.0,807136.3723600785
역촌동,1236,61361.048,0,0,0,0,1067.0,50.0,1.0,0.0,0.0,0.0,0.0,118.0,0.0,0.0,0.0,0.0,0.0,0.0,0.0,0.0,1156690.8217913806
홍제1동,586,34450.123,0,0,0,0,424.0,21.0,0.0,120.0,1.0,0.0,0.0,16.0,4.0,0.0,0.0,0.0,0.0,0.0,0.0,0.0,1234716.3205756657
홍제3동,533,31087.439,2,2,0,0,475.0,6.0,0.0,2.0,1.0,0.0,0.0,48.0,1.0,0.0,0.0,0.0,0.0,0.0,0.0,0.0,1191622.6020913408
홍제2동,263,14574.922,0,0,0,0,136.0,9.0,0.0,76.0,17.0,0.0,0.0,9.0,16.0,0.0,0.0,0.0,0.0,0.0,0.0,0.0,699457.7423132345
홍은1동,639,38247.568,0,0,2,0,613.0,7.0,11.0,0.0,5.0,0.0,0.0,0.0,3.0,0.0,0.0,0.0,0.0,0.0,0.0,0.0,1613942.2338307893
연희동,1600,97103.948,2,0,7,0,1398.0,31.0,24.0,6.0,0.0,0.0,15.0,123.0,0.0,2.0,0.0,1.0,0.0,0.0,0.0,0.0,2927088.246089889
용강동,405,26943.975000000002,0,0,6,0,294.0,11.0,48.0,0.0,0.0,0.0,0.0,42.0,0.0,0.0,3.0,7.0,0.0,0.0,0.0,0.0,790015.9806615518
대흥동,463,29608.13,0,0,0,0,344.0,22.0,0.0,0.0,2.0,0.0,4.0,83.0,4.0,4.0,0.0,0.0,0.0,0.0,0.0,0.0,847570.4840257511
신수동,489,27870.688000000002,0,0,0,0,358.0,2.0,50.0,4.0,0.0,0.0,1.0,70.0,2.0,0.0,0.0,2.0,0.0,0.0,0.0,0.0,797289.6461756643
서교동,943,62791.463,0,0,2,0,713.0,56.0,14.0,0.0,6.0,0.0,6.0,144.0,0.0,4.0,0.0,0.0,0.0,0.0,0.0,0.0,1677742.2088577214
신월1동,564,34113.182,0,0,0,0,514.0,12.0,30.0,0.0,0.0,4.0,0.0,1.0,0.0,0.0,2.0,1.0,0.0,0.0,0.0,0.0,621951.4510101492
합정동,97,15111.316,4,0,13,0,24.0,12.0,10.0,0.0,3.0,0.0,5.0,12.0,0.0,0.0,6.0,25.0,0.0,0.0,0.0,0.0,1711131.4800890426
망원1동,225,22702.075000000004,2,0,0,0,155.0,0.0,35.0,0.0,0.0,0.0,0.0,28.0,0.0,0.0,3.0,4.0,0.0,0.0,0.0,0.0,1100198.283152501
성산2동,362,37431.005000000005,4,0,9,1,223.0,20.0,4.0,0.0,0.0,0.0,10.0,91.0,11.0,0.0,1.0,2.0,0.0,0.0,0.0,0.0,1977273.2259235983
도화동,277,19130.953999999998,0,0,0,0,242.0,8.0,0.0,4.0,0.0,0.0,0.0,16.0,0.0,0.0,2.0,5.0,0.0,0.0,0.0,0.0,624554.49317311
서강동,356,25865.606,0,0,3,0,253.0,15.0,2.0,0.0,0.0,0.0,9.0,69.0,0.0,0.0,4.0,4.0,0.0,0.0,0.0,0.0,1477486.1303480885
아현동,356,23624.013,0,0,0,0,298.0,30.0,17.0,0.0,0.0,0.0,4.0,7.0,0.0,0.0,0.0,0.0,0.0,0.0,0.0,0.0,748278.0959672108
목1동,179,20005.541999999998,2,0,6,0,38.0,0.0,4.0,0.0,0.0,0.0,0.0,112.0,12.0,6.0,4.0,3.0,0.0,0.0,0.0,0.0,1432068.1548852236
목2동,340,26577.864,0,0,0,0,283.0,7.0,30.0,2.0,0.0,0.0,3.0,12.0,3.0,0.0,0.0,0.0,0.0,0.0,0.0,0.0,1020612.2424157376
목3동,254,19652.024,0,0,0,0,230.0,4.0,8.0,0.0,0.0,0.0,1.0,11.0,0.0,0.0,0.0,0.0,0.0,0.0,0.0,0.0,531463.9500147963
신월2동,264,20628.715000000004,0,0,0,0,226.0,0.0,8.0,0.0,0.0,0.0,0.0,25.0,3.0,2.0,0.0,0.0,0.0,0.0,0.0,0.0,606373.1224222606
신월3동,457,28003.685999999998,0,0,0,0,434.0,14.0,8.0,0.0,0.0,0.0,0.0,0.0,0.0,0.0,0.0,1.0,0.0,0.0,0.0,0.0,917379.7603105576
신월5동,221,17256.345,0,0,0,0,174.0,5.0,27.0,0.0,0.0,0.0,0.0,14.0,1.0,0.0,0.0,0.0,0.0,0.0,0.0,0.0,637843.5041682239
신월6동,131,10587.878,0,0,0,0,92.0,3.0,20.0,0.0,0.0,10.0,0.0,0.0,0.0,6.0,0.0,0.0,0.0,0.0,0.0,0.0,443965.8298533666
중앙동,199,15652.024000000001,0,0,0,0,142.0,8.0,0.0,0.0,0.0,0.0,0.0,46.0,3.0,0.0,0.0,0.0,0.0,0.0,0.0,0.0,384442.67281890434
신월7동,281,23267.456,0,0,0,0,224.0,5.0,40.0,0.0,0.0,0.0,0.0,6.0,0.0,0.0,1.0,5.0,0.0,0.0,0.0,0.0,1229742.6291140541
신정2동,150,15341.042999999998,0,0,4,0,71.0,9.0,15.0,0.0,0.0,0.0,2.0,52.0,0.0,1.0,0.0,0.0,0.0,0.0,0.0,0.0,525516.390544627
신정6동,55,7261.798999999999,0,0,7,0,4.0,0.0,7.0,0.0,0.0,0.0,1.0,32.0,10.0,1.0,0.0,0.0,0.0,0.0,0.0,0.0,940200.9858632083
신정7동,116,12255.336000000001,0,0,0,0,63.0,0.0,8.0,2.0,0.0,0.0,0.0,36.0,7.0,0.0,0.0,0.0,0.0,0.0,0.0,0.0,1233234.5357705283
목5동,76,14338.108999999999,0,0,5,0,10.0,0.0,6.0,0.0,0.0,0.0,0.0,55.0,2.0,0.0,1.0,2.0,0.0,0.0,0.0,0.0,1765073.520578067
염창동,264,31562.540999999997,1,0,3,0,189.0,17.0,0.0,0.0,0.0,0.0,3.0,45.0,3.0,0.0,4.0,3.0,0.0,0.0,0.0,0.0,1733196.0007028275
등촌2동,133,13134.665,0,0,0,0,111.0,0.0,8.0,0.0,0.0,0.0,0.0,14.0,0.0,0.0,0.0,0.0,0.0,0.0,0.0,0.0,910005.5269937961
화곡본동,630,40314.168,0,0,0,0,581.0,0.0,28.0,0.0,0.0,0.0,0.0,20.0,1.0,0.0,0.0,0.0,0.0,0.0,0.0,0.0,972031.8907711547
화곡2동,284,20184.236000000004,0,0,0,0,246.0,0.0,34.0,0.0,0.0,0.0,0.0,4.0,0.0,0.0,0.0,0.0,0.0,0.0,0.0,0.0,454291.58656637504
화곡3동,192,14733.850999999999,0,0,0,0,174.0,0.0,2.0,0.0,0.0,0.0,0.0,16.0,0.0,0.0,0.0,0.0,0.0,0.0,0.0,0.0,521482.38151177013
화곡4동,369,25505.994,0,0,0,0,333.0,0.0,20.0,0.0,0.0,0.0,0.0,12.0,2.0,2.0,0.0,0.0,0.0,0.0,0.0,0.0,851431.6652886403
화곡6동,490,32268.995000000003,0,0,0,0,385.0,8.0,62.0,0.0,0.0,0.0,7.0,28.0,0.0,0.0,0.0,0.0,0.0,0.0,0.0,0.0,1037160.7448249916
화곡8동,431,28678.379,0,0,0,0,389.0,0.0,12.0,0.0,0.0,0.0,0.0,24.0,6.0,0.0,0.0,0.0,0.0,0.0,0.0,0.0,592893.6323887339
가양2동,41,9486.625,0,0,4,0,8.0,0.0,8.0,0.0,0.0,0.0,0.0,15.0,0.0,0.0,0.0,10.0,0.0,0.0,0.0,0.0,823278.0478014391
가양3동,24,5326.236000000001,0,0,0,0,10.0,0.0,0.0,0.0,0.0,0.0,0.0,14.0,0.0,0.0,0.0,0.0,0.0,0.0,0.0,0.0,472283.6424194704
화곡1동,575,45764.531,0,0,0,0,433.0,0.0,127.0,0.0,0.0,1.0,0.0,11.0,3.0,0.0,0.0,0.0,0.0,0.0,0.0,0.0,1196882.0128630125
우장산동,237,20641.739999999998,0,0,0,0,196.0,6.0,18.0,0.0,0.0,0.0,1.0,16.0,0.0,0.0,0.0,0.0,0.0,0.0,0.0,0.0,1260677.9668298042
구로5동,596,38270.966,7,0,3,0,442.0,0.0,0.0,0.0,0.0,0.0,1.0,139.0,14.0,0.0,0.0,0.0,0.0,0.0,0.0,0.0,1011733.6175695456
개봉2동,277,24173.501,2,0,1,0,166.0,3.0,0.0,50.0,0.0,0.0,0.0,11.0,47.0,0.0,0.0,0.0,0.0,0.0,0.0,0.0,781957.1267327644
개봉3동,295,21846.868000000002,0,0,0,0,279.0,0.0,0.0,0.0,0.0,0.0,0.0,16.0,0.0,0.0,0.0,0.0,0.0,0.0,0.0,0.0,827818.8890789404
오류1동,364,22682.019,0,0,0,0,318.0,26.0,12.0,0.0,0.0,0.0,0.0,5.0,0.0,3.0,0.0,0.0,0.0,0.0,0.0,0.0,726889.7278931965
수궁동,629,46965.923,0,0,0,0,546.0,4.0,2.0,0.0,0.0,1.0,0.0,60.0,8.0,8.0,0.0,0.0,0.0,0.0,0.0,0.0,2659440.6271801786
가리봉동,119,11067.269,0,0,0,0,78.0,7.0,14.0,0.0,0.0,0.0,0.0,20.0,0.0,0.0,0.0,0.0,0.0,0.0,0.0,0.0,410698.9724839843
구로2동,1112,61902.367,1,0,10,0,715.0,16.0,94.0,10.0,4.0,1.0,28.0,226.0,18.0,0.0,0.0,0.0,0.0,0.0,0.0,0.0,1702114.604406782
개봉1동,884,51632.647000000004,4,0,4,0,780.0,31.0,26.0,0.0,4.0,0.0,6.0,32.0,5.0,0.0,0.0,0.0,0.0,0.0,0.0,0.0,1319364.5862146576
오류2동,357,40505.939,6,0,6,0,248.0,10.0,18.0,0.0,0.0,1.0,0.0,76.0,4.0,0.0,0.0,0.0,0.0,0.0,0.0,0.0,4504714.328803461
독산2동,520,31384.160000000003,0,0,0,0,382.0,8.0,26.0,62.0,14.0,0.0,0.0,22.0,0.0,6.0,0.0,0.0,0.0,0.0,0.0,0.0,616721.2892120384
독산3동,465,36224.541,0,0,0,0,398.0,13.0,12.0,4.0,4.0,0.0,0.0,32.0,2.0,0.0,0.0,0.0,0.0,0.0,0.0,0.0,934299.2367535128
독산4동,318,22059.627,0,0,0,0,262.0,5.0,10.0,22.0,5.0,0.0,0.0,14.0,0.0,0.0,0.0,0.0,0.0,0.0,0.0,0.0,590611.9944671312
시흥2동,145,13571.739,1,0,0,0,61.0,0.0,14.0,0.0,0.0,0.0,0.0,33.0,3.0,34.0,0.0,0.0,0.0,0.0,0.0,0.0,1307917.9447545889
시흥3동,337,25708.575,2,0,3,0,237.0,35.0,0.0,8.0,28.0,0.0,0.0,12.0,0.0,0.0,3.0,14.0,0.0,0.0,0.0,0.0,1260466.147644469
시흥4동,88,10408.828,0,0,0,0,54.0,0.0,28.0,2.0,0.0,0.0,0.0,4.0,0.0,0.0,0.0,0.0,0.0,0.0,0.0,0.0,821105.9386117078
여의동,656,79104.793,12,0,33,0,133.0,64.0,31.0,2.0,0.0,0.0,9.0,320.0,48.0,18.0,4.0,27.0,0.0,0.0,0.0,0.0,8431315.760253973
당산1동,294,21810.748,0,0,0,0,211.0,2.0,20.0,0.0,0.0,0.0,0.0,60.0,1.0,0.0,0.0,0.0,0.0,0.0,0.0,0.0,744759.1147102187
신길3동,272,17897.67,0,0,0,0,212.0,0.0,8.0,0.0,0.0,0.0,0.0,52.0,0.0,0.0,0.0,0.0,0.0,0.0,0.0,0.0,519701.81261234486
신길4동,235,12862.780999999999,0,0,0,0,186.0,0.0,0.0,0.0,0.0,0.0,0.0,47.0,2.0,0.0,0.0,0.0,0.0,0.0,0.0,0.0,322364.4786022557
신길5동,219,14343.455999999998,0,0,0,0,141.0,24.0,0.0,2.0,0.0,0.0,4.0,46.0,2.0,0.0,0.0,0.0,0.0,0.0,0.0,0.0,494289.86478484626
대림1동,262,18233.952,0,0,0,0,202.0,6.0,0.0,10.0,5.0,0.0,0.0,38.0,1.0,0.0,0.0,0.0,0.0,0.0,0.0,0.0,498611.81308988226
대림2동,288,23973.915,0,0,0,0,206.0,7.0,0.0,0.0,3.0,0.0,0.0,71.0,1.0,0.0,0.0,0.0,0.0,0.0,0.0,0.0,572120.02353287
사당1동,442,30012.851000000002,0,0,0,0,398.0,23.0,2.0,0.0,3.0,0.0,0.0,13.0,3.0,0.0,0.0,0.0,0.0,0.0,0.0,0.0,634697.596584404
서초4동,160,18554.514,0,0,0,0,113.0,21.0,14.0,0.0,0.0,0.0,1.0,10.0,0.0,0.0,0.0,1.0,0.0,0.0,0.0,0.0,879108.4600335173
사당3동,209,16616.685,0,0,0,0,207.0,2.0,0.0,0.0,0.0,0.0,0.0,0.0,0.0,0.0,0.0,0.0,0.0,0.0,0.0,0.0,907007.0835468186
사당4동,100,9151.869999999999,0,0,0,0,90.0,10.0,0.0,0.0,0.0,0.0,0.0,0.0,0.0,0.0,0.0,0.0,0.0,0.0,0.0,0.0,435822.3638318687
반포1동,353,26019.658,0,0,2,0,310.0,15.0,10.0,0.0,1.0,0.0,0.0,11.0,0.0,0.0,2.0,4.0,0.0,0.0,0.0,0.0,991618.4379383102
사당5동,78,8187.922,0,0,0,0,62.0,12.0,4.0,0.0,0.0,0.0,0.0,0.0,0.0,0.0,0.0,0.0,0.0,0.0,0.0,0.0,681690.2713846787
신대방1동,158,13100.169,0,0,1,0,93.0,18.0,2.0,0.0,14.0,0.0,0.0,18.0,13.0,0.0,0.0,0.0,0.0,0.0,0.0,0.0,674784.6244718024
청림동,36,4501.982,0,0,0,0,30.0,0.0,4.0,0.0,0.0,0.0,0.0,2.0,0.0,0.0,0.0,0.0,0.0,0.0,0.0,0.0,296933.9104724167
행운동,8,1655.623,0,0,0,0,2.0,6.0,0.0,0.0,0.0,0.0,0.0,0.0,0.0,0.0,0.0,0.0,0.0,0.0,0.0,0.0,717700.2657623767
낙성대동,137,14378.436999999998,0,0,0,0,116.0,11.0,0.0,0.0,0.0,0.0,0.0,8.0,2.0,0.0,0.0,0.0,0.0,0.0,0.0,0.0,2261134.3731646314
인헌동,17,4518.0650000000005,0,0,0,0,8.0,3.0,0.0,4.0,0.0,0.0,0.0,2.0,0.0,0.0,0.0,0.0,0.0,0.0,0.0,0.0,1088265.8195932247
남현동,200,18528.86,0,0,2,0,156.0,7.0,18.0,0.0,3.0,0.0,0.0,11.0,3.0,0.0,0.0,2.0,0.0,0.0,0.0,0.0,3278571.494441072
서원동,232,17552.726,0,0,6,0,166.0,11.0,4.0,4.0,0.0,0.0,0.0,44.0,3.0,0.0,0.0,0.0,0.0,0.0,0.0,0.0,647053.8801458824
신원동,396,23327.455,0,0,0,0,320.0,2.0,10.0,30.0,0.0,0.0,0.0,34.0,0.0,0.0,0.0,0.0,0.0,0.0,0.0,0.0,544575.0226685555
신림동,344,26493.175000000003,0,0,1,1,247.0,9.0,14.0,0.0,0.0,0.0,0.0,69.0,5.0,0.0,0.0,0.0,0.0,0.0,0.0,0.0,540840.5042007995
난향동,164,12713.454000000002,0,0,0,0,120.0,0.0,22.0,0.0,0.0,0.0,0.0,22.0,0.0,0.0,0.0,0.0,0.0,0.0,0.0,0.0,820791.9469068807
조원동,315,28037.643000000004,0,0,0,0,208.0,20.0,0.0,0.0,6.0,0.0,2.0,74.0,5.0,0.0,0.0,0.0,0.0,0.0,0.0,0.0,666117.3511985324
대학동,472,30942.18,1,0,7,0,383.0,0.0,38.0,2.0,0.0,0.0,0.0,41.0,5.0,0.0,0.0,3.0,0.0,0.0,0.0,0.0,8398948.304792248
방배1동,229,19764.510000000002,0,0,0,0,204.0,8.0,4.0,0.0,0.0,0.0,0.0,12.0,1.0,0.0,0.0,0.0,0.0,0.0,0.0,0.0,688726.8297167318
은천동,144,13293.180999999999,0,0,0,0,104.0,1.0,0.0,0.0,0.0,0.0,0.0,36.0,3.0,0.0,0.0,0.0,0.0,0.0,0.0,0.0,775637.1496103137
성현동,40,8437.116,0,0,0,0,22.0,0.0,0.0,0.0,0.0,0.0,0.0,18.0,0.0,0.0,0.0,0.0,0.0,0.0,0.0,0.0,677719.1382629817
청룡동,399,32272.509,0,0,0,0,313.0,26.0,0.0,0.0,0.0,0.0,3.0,56.0,1.0,0.0,0.0,0.0,0.0,0.0,0.0,0.0,1194718.0123686858
난곡동,696,36793.529,0,0,0,0,466.0,0.0,68.0,126.0,0.0,0.0,0.0,36.0,0.0,0.0,0.0,0.0,0.0,0.0,0.0,0.0,971656.5980449714
서초1동,754,50405.962,0,0,1,0,662.0,23.0,0.0,0.0,0.0,0.0,1.0,60.0,0.0,0.0,3.0,5.0,0.0,0.0,0.0,0.0,1381640.3114978287
서초3동,1181,82253.77100000001,0,0,0,0,986.0,75.0,7.0,0.0,0.0,13.0,5.0,88.0,1.0,6.0,0.0,0.0,0.0,0.0,0.0,0.0,2996312.1614981852
잠원동,328,37945.647,2,0,6,0,216.0,13.0,36.0,0.0,3.0,0.0,0.0,33.0,3.0,4.0,4.0,16.0,0.0,0.0,0.0,0.0,1755541.6450196633
반포2동,73,8637.544,2,0,0,0,28.0,4.0,8.0,0.0,4.0,0.0,1.0,10.0,9.0,0.0,2.0,7.0,0.0,0.0,0.0,0.0,1394982.7278881662
반포3동,121,12496.083,0,0,0,0,46.0,3.0,18.0,0.0,3.0,1.0,0.0,35.0,7.0,0.0,0.0,8.0,0.0,0.0,0.0,0.0,1250766.239535352
반포4동,395,33215.111,2,0,0,0,263.0,37.0,47.0,0.0,5.0,0.0,13.0,24.0,6.0,0.0,0.0,0.0,0.0,0.0,0.0,0.0,1426067.0123751725
방배본동,264,22070.18,0,0,0,0,189.0,6.0,32.0,0.0,2.0,0.0,4.0,27.0,4.0,0.0,0.0,0.0,0.0,0.0,0.0,0.0,677002.2395722023
방배3동,376,28987.719999999998,0,0,0,0,314.0,15.0,0.0,0.0,0.0,0.0,0.0,44.0,3.0,0.0,0.0,0.0,0.0,0.0,0.0,0.0,2373348.959186102
방배4동,428,34470.64,0,0,0,0,330.0,20.0,59.0,0.0,0.0,0.0,1.0,18.0,0.0,0.0,0.0,0.0,0.0,0.0,0.0,0.0,948814.6546254526
신사동(강남),455,40564.836,0,0,8,0,337.0,8.0,31.0,0.0,0.0,0.0,0.0,50.0,16.0,4.0,3.0,6.0,0.0,0.0,0.0,0.0,2057678.2068925377
삼성1동,501,43291.733,0,0,4,0,372.0,27.0,43.0,0.0,0.0,7.0,2.0,39.0,4.0,0.0,2.0,5.0,0.0,0.0,0.0,0.0,1943143.8628421356
삼성2동,321,33094.638999999996,0,0,0,0,214.0,4.0,30.0,16.0,0.0,0.0,0.0,57.0,0.0,0.0,0.0,0.0,0.0,0.0,0.0,0.0,1241325.882414531
역삼1동,986,81655.197,0,0,0,0,857.0,55.0,28.0,0.0,1.0,0.0,3.0,41.0,1.0,0.0,0.0,0.0,0.0,0.0,0.0,0.0,2360341.2453266936
역삼2동,227,24744.486,0,0,0,0,172.0,23.0,10.0,0.0,0.0,0.0,0.0,22.0,0.0,0.0,0.0,0.0,0.0,0.0,0.0,0.0,1134166.1777114144
도곡1동,279,26242.104,1,0,0,0,198.0,32.0,2.0,6.0,0.0,0.0,0.0,28.0,13.0,0.0,0.0,0.0,0.0,0.0,0.0,0.0,1049811.1713806428
풍납1동,201,19025.342,0,0,2,0,146.0,12.0,20.0,0.0,0.0,0.0,4.0,0.0,0.0,4.0,0.0,15.0,0.0,0.0,0.0,0.0,1074461.539836844
도곡2동,173,15438.184000000001,0,0,0,0,101.0,12.0,47.0,0.0,0.0,2.0,0.0,4.0,7.0,0.0,0.0,0.0,0.0,0.0,0.0,0.0,990008.6658606317
풍납2동,261,34233.11,0,0,12,0,152.0,10.0,52.0,0.0,0.0,5.0,0.0,11.0,0.0,0.0,9.0,22.0,0.0,0.0,0.0,0.0,2562572.860389093
개포1동,32,4527.456,0,0,0,0,6.0,4.0,2.0,0.0,0.0,0.0,1.0,10.0,0.0,6.0,0.0,3.0,0.0,0.0,0.0,0.0,1448844.2835053143
방이2동,492,39532.662,0,0,0,0,328.0,8.0,142.0,0.0,0.0,0.0,0.0,14.0,0.0,0.0,0.0,0.0,0.0,0.0,0.0,0.0,769245.3185700108
개포4동,477,35171.273,1,0,0,0,382.0,13.0,62.0,6.0,0.0,0.0,6.0,2.0,0.0,2.0,1.0,3.0,0.0,0.0,0.0,0.0,1664191.8829675962
일원본동,97,14980.011,0,0,0,0,78.0,0.0,6.0,0.0,0.0,0.0,0.0,12.0,1.0,0.0,0.0,0.0,0.0,0.0,0.0,0.0,2352816.2553821374
일원1동,313,23786.18,0,0,2,0,252.0,5.0,50.0,0.0,0.0,1.0,0.0,4.0,1.0,0.0,0.0,0.0,0.0,0.0,0.0,0.0,952738.1144707385
송파2동,247,18953.193,0,0,0,0,166.0,4.0,46.0,0.0,0.0,0.0,0.0,30.0,1.0,0.0,0.0,0.0,0.0,0.0,0.0,0.0,630534.1082960787
일원2동,34,6781.029,1,0,1,0,12.0,5.0,2.0,0.0,0.0,0.0,0.0,7.0,7.0,0.0,0.0,1.0,0.0,0.0,0.0,0.0,1299292.829806776
수서동,222,22979.317,2,0,1,0,171.0,1.0,4.0,0.0,0.0,0.0,0.0,32.0,12.0,0.0,2.0,0.0,0.0,0.0,0.0,0.0,1628146.9985286547
압구정동,444,50643.715,0,0,16,0,334.0,28.0,11.0,0.0,0.0,2.0,0.0,40.0,7.0,0.0,7.0,15.0,0.0,0.0,0.0,0.0,2343278.206528245
석촌동,650,45499.486000000004,2,0,0,0,516.0,15.0,110.0,0.0,1.0,0.0,2.0,6.0,0.0,0.0,0.0,0.0,0.0,0.0,0.0,0.0,946183.8649992581
청담동,690,63384.835,0,0,6,0,552.0,13.0,0.0,6.0,0.0,0.0,2.0,100.0,0.0,0.0,5.0,12.0,0.0,0.0,0.0,0.0,2327443.094731346
삼전동,481,35795.867,0,0,1,0,451.0,0.0,19.0,0.0,0.0,0.0,0.0,10.0,1.0,0.0,0.0,0.0,0.0,0.0,0.0,0.0,952604.667240415
대치2동,357,34595.342000000004,0,0,1,0,213.0,47.0,32.0,0.0,0.0,0.0,9.0,55.0,0.0,0.0,1.0,0.0,0.0,0.0,0.0,0.0,1835962.384347942
가락본동,571,40977.45,0,0,0,0,501.0,17.0,12.0,0.0,0.0,0.0,1.0,38.0,2.0,0.0,0.0,0.0,0.0,0.0,0.0,0.0,1013951.7007404441
개포2동,155,17535.535,0,0,0,0,84.0,19.0,35.0,0.0,0.0,1.0,4.0,12.0,0.0,0.0,0.0,0.0,0.0,0.0,0.0,0.0,2241622.2462877934
거여1동,264,16785.316,0,0,0,0,205.0,0.0,0.0,9.0,0.0,0.0,0.0,28.0,0.0,22.0,0.0,0.0,0.0,0.0,0.0,0.0,521901.4918708919
거여2동,175,12675.382999999998,0,0,0,0,155.0,0.0,0.0,0.0,0.0,0.0,0.0,20.0,0.0,0.0,0.0,0.0,0.0,0.0,0.0,0.0,509222.9393002103
문정1동,284,21331.75,0,0,0,0,220.0,7.0,20.0,0.0,1.0,0.0,0.0,36.0,0.0,0.0,0.0,0.0,0.0,0.0,0.0,0.0,612070.7633648143
마천1동,379,20612.527000000002,0,0,0,0,174.0,0.0,11.0,142.0,0.0,0.0,0.0,49.0,3.0,0.0,0.0,0.0,0.0,0.0,0.0,0.0,574808.4673787529
마천2동,626,33510.91,0,0,0,0,299.0,0.0,9.0,267.0,0.0,1.0,0.0,50.0,0.0,0.0,0.0,0.0,0.0,0.0,0.0,0.0,889992.5591762841
방이1동,285,22071.083,0,0,0,0,226.0,2.0,50.0,0.0,0.0,0.0,0.0,7.0,0.0,0.0,0.0,0.0,0.0,0.0,0.0,0.0,608786.9865977763
오금동,848,53745.602,0,0,6,0,688.0,6.0,18.0,8.0,0.0,0.0,0.0,109.0,2.0,17.0,0.0,0.0,0.0,0.0,0.0,0.0,1647585.929178475
송파1동,424,29715.571,0,0,0,0,355.0,13.0,41.0,0.0,1.0,0.0,2.0,12.0,0.0,0.0,0.0,0.0,0.0,0.0,0.0,0.0,686394.2890657969
가락1동,69,11494.381000000001,3,0,0,0,9.0,26.0,12.0,0.0,1.0,1.0,9.0,10.0,1.0,0.0,0.0,0.0,0.0,0.0,0.0,0.0,1392151.4367166986
가락2동,508,36989.532,0,0,0,0,454.0,0.0,22.0,0.0,0.0,0.0,0.0,32.0,0.0,0.0,0.0,0.0,0.0,0.0,0.0,0.0,931587.0443693178
문정2동,187,34066.556,2,0,10,0,72.0,26.0,33.0,0.0,2.0,1.0,3.0,38.0,3.0,0.0,2.0,5.0,2.0,0.0,0.0,0.0,2240295.8369229245
잠실3동,58,10420.952999999998,8,0,4,0,6.0,17.0,14.0,0.0,6.0,1.0,3.0,6.0,0.0,0.0,0.0,5.0,0.0,0.0,0.0,0.0,1541455.1008075378
성내1동,470,30415.913000000004,0,0,0,0,378.0,10.0,56.0,8.0,0.0,0.0,0.0,11.0,7.0,0.0,0.0,0.0,0.0,0.0,0.0,0.0,663160.2397708915
명일1동,230,17510.216,0,0,0,0,184.0,22.0,6.0,0.0,0.0,0.0,0.0,18.0,0.0,0.0,0.0,0.0,0.0,0.0,0.0,0.0,634446.9055101408
명일2동,148,11746.779999999999,0,0,0,0,138.0,0.0,6.0,0.0,0.0,0.0,0.0,4.0,0.0,0.0,0.0,0.0,0.0,0.0,0.0,0.0,913614.156229488
고덕1동,168,14673.822,0,0,0,0,158.0,0.0,0.0,0.0,0.0,0.0,0.0,10.0,0.0,0.0,0.0,0.0,0.0,0.0,0.0,0.0,1517309.4039229788
고덕2동,376,42170.795,2,0,6,0,298.0,0.0,14.0,0.0,0.0,0.0,0.0,34.0,2.0,16.0,4.0,2.0,6.0,0.0,0.0,0.0,2473375.273046605
암사2동,205,18673.099,2,0,1,0,146.0,4.0,16.0,4.0,0.0,0.0,0.0,23.0,0.0,0.0,3.0,9.0,0.0,0.0,0.0,0.0,2172643.044447725
암사3동,185,21126.762000000002,0,0,5,0,127.0,10.0,14.0,0.0,0.0,0.0,0.0,28.0,0.0,0.0,2.0,4.0,0.0,0.0,0.0,0.0,1797967.1122822315
천호1동,642,32768.255,0,0,0,0,592.0,2.0,22.0,0.0,0.0,0.0,0.0,26.0,0.0,0.0,0.0,0.0,0.0,0.0,0.0,0.0,668477.5722606971
천호3동,556,28679.364999999998,0,0,0,0,510.0,6.0,18.0,0.0,0.0,0.0,0.0,22.0,0.0,0.0,0.0,0.0,0.0,0.0,0.0,0.0,561116.8243309478
성내2동,764,37656.758,0,0,0,0,692.0,19.0,52.0,0.0,0.0,0.0,1.0,0.0,0.0,0.0,0.0,0.0,0.0,0.0,0.0,0.0,624661.8694406373
성내3동,452,32981.51,0,0,0,0,373.0,39.0,32.0,0.0,0.0,0.0,1.0,4.0,3.0,0.0,0.0,0.0,0.0,0.0,0.0,0.0,646853.1167716972
둔촌1동,36,4638.581999999999,0,0,0,0,12.0,0.0,7.0,0.0,0.0,0.0,0.0,12.0,5.0,0.0,0.0,0.0,0.0,0.0,0.0,0.0,911467.3177779111
둔촌2동,715,42144.786,2,0,0,0,608.0,7.0,78.0,0.0,0.0,2.0,0.0,20.0,0.0,0.0,0.0,0.0,0.0,0.0,0.0,0.0,1549245.6166020327
암사1동,794,41197.653999999995,0,0,0,0,708.0,10.0,44.0,0.0,0.0,0.0,0.0,32.0,0.0,0.0,0.0,0.0,0.0,0.0,0.0,0.0,734907.5996204216
천호2동,958,58840.949,2,0,7,0,789.0,51.0,40.0,0.0,0.0,0.0,1.0,64.0,0.0,0.0,1.0,12.0,0.0,0.0,0.0,0.0,1849736.861733206
길동,918,59608.626000000004,0,0,0,0,782.0,42.0,42.0,0.0,0.0,0.0,3.0,48.0,1.0,0.0,0.0,0.0,0.0,0.0,0.0,0.0,1630343.8778385224
강일동,162,25472.750999999997,2,0,8,0,109.0,0.0,0.0,6.0,0.0,0.0,0.0,16.0,0.0,23.0,2.0,0.0,3.0,0.0,0.0,3.0,2270383.5045237676
상일동,305,35562.998999999996,3,0,10,0,242.0,14.0,0.0,0.0,0.0,0.0,4.0,36.0,0.0,0.0,0.0,0.0,9.0,0.0,0.0,0.0,2918156.9202377195
교남동,190,11843.344000000001,2,0,0,0,70.0,15.0,0.0,62.0,21.0,0.0,18.0,0.0,4.0,0.0,0.0,0.0,0.0,0.0,0.0,0.0,346667.13479934476
가회동,43,4359.329999999999,0,0,0,0,21.0,0.0,22.0,0.0,0.0,0.0,0.0,0.0,0.0,0.0,0.0,0.0,0.0,0.0,0.0,0.0,539599.8544893641
종로1·2·3·4가동,764,55584.225000000006,16,0,0,0,416.0,110.0,51.0,4.0,52.0,8.0,15.0,99.0,9.0,0.0,0.0,0.0,0.0,0.0,0.0,0.0,2415326.730085444
방배2동,570,39767.126000000004,1,0,0,0,329.0,10.0,57.0,126.0,5.0,0.0,0.0,22.0,6.0,10.0,2.0,3.0,0.0,0.0,0.0,0.0,1902603.349262176
미아동,976,43446.065,0,0,0,0,937.0,22.0,6.0,0.0,4.0,0.0,0.0,7.0,0.0,0.0,0.0,0.0,0.0,0.0,0.0,0.0,840567.7338097664
인수동,1360,67067.75200000001,0,0,2,0,1234.0,12.0,22.0,0.0,0.0,0.0,0.0,92.0,0.0,0.0,0.0,0.0,0.0,0.0,0.0,0.0,2995754.9505098774
